Models,fpr,tpr,auc,ACC,MCC
GloVe,[0.         0.02173913 1.        ],[0.         0.13043478 1.        ],0.5543478260869564,0.6956521739130435,0.2192645048267573
ELMo,"[0.0, 0.10869565217391304, 1.0]","[0.0, 0.32608695652173914, 1.0]",0.608696,0.702899,0.266076
S-LSTM,[0.         0.10869565 1.        ],[0.         0.58695652 1.        ],0.7391304347826086,0.7898550715999327,0.5089511848264616
